<?xml version="1.0" encoding="UTF-8"?>
<GenRun Id="synth_1" LaunchPart="xc7a35tcpg236-1" LaunchTime="1539140761">
  <File Type="PA-TCL" Name="Voice_Scope_TOP.tcl"/>
  <File Type="RDS-PROPCONSTRS" Name="Voice_Scope_TOP_drc_synth.rpt"/>
  <File Type="REPORTS-TCL" Name="Voice_Scope_TOP_reports.tcl"/>
  <File Type="RDS-RDS" Name="Voice_Scope_TOP.vds"/>
  <File Type="RDS-UTIL" Name="Voice_Scope_TOP_utilization_synth.rpt"/>
  <File Type="RDS-UTIL-PB" Name="Voice_Scope_TOP_utilization_synth.pb"/>
  <File Type="RDS-DCP" Name="Voice_Scope_TOP.dcp"/>
  <File Type="VDS-TIMINGSUMMARY" Name="Voice_Scope_TOP_timing_summary_synth.rpt"/>
  <File Type="VDS-TIMING-PB" Name="Voice_Scope_TOP_timing_summary_synth.pb"/>
  <FileSet Name="sources" Type="DesignSrcs" RelSrcDir="$PSRCDIR/sources_1">
    <Filter Type="Srcs"/>
    <File Path="$PSRCDIR/sources_1/new/Select_Waveform.v">
      <FileInfo>
        <Attr Name="UsedIn" Val="synthesis"/>
        <Attr Name="UsedIn" Val="implementation"/>
        <Attr Name="UsedIn" Val="simulation"/>
      </FileInfo>
    </File>
    <File Path="$PSRCDIR/sources_1/new/TestWave_Gen.v">
      <FileInfo>
        <Attr Name="UsedIn" Val="synthesis"/>
        <Attr Name="UsedIn" Val="implementation"/>
        <Attr Name="UsedIn" Val="simulation"/>
      </FileInfo>
    </File>
    <File Path="$PSRCDIR/sources_1/imports/new/VOICE_CAPTURER.v">
      <FileInfo>
        <Attr Name="ImportPath" Val="$PPRDIR/../../EE2026 AY18-19 SEM1/Project/ForStudents/Voice_Scope_Project_Template.xpr/Voice_Scope_Project_Template/Voice_Scope_Project_Template.srcs/sources_1/new/VOICE_CAPTURER.v"/>
        <Attr Name="ImportTime" Val="1537514638"/>
        <Attr Name="UsedIn" Val="synthesis"/>
        <Attr Name="UsedIn" Val="implementation"/>
        <Attr Name="UsedIn" Val="simulation"/>
      </FileInfo>
    </File>
    <File Path="$PSRCDIR/sources_1/new/clk_div.v">
      <FileInfo>
        <Attr Name="UsedIn" Val="synthesis"/>
        <Attr Name="UsedIn" Val="implementation"/>
        <Attr Name="UsedIn" Val="simulation"/>
      </FileInfo>
    </File>
    <File Path="$PSRCDIR/sources_1/imports/new/Voice_Scope_TOP.v">
      <FileInfo>
        <Attr Name="ImportPath" Val="$PPRDIR/../../EE2026 AY18-19 SEM1/Project/ForStudents/Voice_Scope_Project_Template.xpr/Voice_Scope_Project_Template/Voice_Scope_Project_Template.srcs/sources_1/new/Voice_Scope_TOP.v"/>
        <Attr Name="ImportTime" Val="1538128554"/>
        <Attr Name="UsedIn" Val="synthesis"/>
        <Attr Name="UsedIn" Val="implementation"/>
        <Attr Name="UsedIn" Val="simulation"/>
      </FileInfo>
    </File>
    <File Path="$PSRCDIR/sources_1/imports/new/CLK_108M.vhd">
      <FileInfo>
        <Attr Name="AutoDisabled" Val="1"/>
        <Attr Name="ImportPath" Val="$PPRDIR/../../EE2026 AY18-19 SEM1/Project/ForStudents/Voice_Scope_Project_Template.xpr/Voice_Scope_Project_Template/Voice_Scope_Project_Template.srcs/sources_1/new/CLK_108M.vhd"/>
        <Attr Name="ImportTime" Val="1537517914"/>
        <Attr Name="UsedIn" Val="synthesis"/>
        <Attr Name="UsedIn" Val="simulation"/>
      </FileInfo>
    </File>
    <File Path="$PSRCDIR/sources_1/imports/new/VGA_CONTROL.vhd">
      <FileInfo>
        <Attr Name="AutoDisabled" Val="1"/>
        <Attr Name="ImportPath" Val="$PPRDIR/../../EE2026 AY18-19 SEM1/Project/ForStudents/Voice_Scope_Project_Template.xpr/Voice_Scope_Project_Template/Voice_Scope_Project_Template.srcs/sources_1/new/VGA_CONTROL.vhd"/>
        <Attr Name="ImportTime" Val="1537517962"/>
        <Attr Name="UsedIn" Val="synthesis"/>
        <Attr Name="UsedIn" Val="simulation"/>
      </FileInfo>
    </File>
    <File Path="$PSRCDIR/sources_1/imports/new/VGA_DISPLAY.v">
      <FileInfo>
        <Attr Name="AutoDisabled" Val="1"/>
        <Attr Name="ImportPath" Val="$PPRDIR/../../EE2026 AY18-19 SEM1/Project/ForStudents/Voice_Scope_Project_Template.xpr/Voice_Scope_Project_Template/Voice_Scope_Project_Template.srcs/sources_1/new/VGA_DISPLAY.v"/>
        <Attr Name="ImportTime" Val="1537516892"/>
        <Attr Name="UsedIn" Val="synthesis"/>
        <Attr Name="UsedIn" Val="implementation"/>
        <Attr Name="UsedIn" Val="simulation"/>
      </FileInfo>
    </File>
    <File Path="$PSRCDIR/sources_1/imports/new/Draw_Waveform.v">
      <FileInfo>
        <Attr Name="AutoDisabled" Val="1"/>
        <Attr Name="ImportPath" Val="$PPRDIR/../../EE2026 AY18-19 SEM1/Project/ForStudents/Voice_Scope_Project_Template.xpr/Voice_Scope_Project_Template/Voice_Scope_Project_Template.srcs/sources_1/new/Draw_Waveform.v"/>
        <Attr Name="ImportTime" Val="1538128550"/>
        <Attr Name="UsedIn" Val="synthesis"/>
        <Attr Name="UsedIn" Val="implementation"/>
        <Attr Name="UsedIn" Val="simulation"/>
      </FileInfo>
    </File>
    <File Path="$PSRCDIR/sources_1/imports/new/Draw_Background.v">
      <FileInfo>
        <Attr Name="AutoDisabled" Val="1"/>
        <Attr Name="ImportPath" Val="$PPRDIR/../../EE2026 AY18-19 SEM1/Project/ForStudents/Voice_Scope_Project_Template.xpr/Voice_Scope_Project_Template/Voice_Scope_Project_Template.srcs/sources_1/new/Draw_Background.v"/>
        <Attr Name="ImportTime" Val="1537963450"/>
        <Attr Name="UsedIn" Val="synthesis"/>
        <Attr Name="UsedIn" Val="implementation"/>
        <Attr Name="UsedIn" Val="simulation"/>
      </FileInfo>
    </File>
    <File Path="$PPRDIR/archive_project_summary.txt"/>
    <Config>
      <Option Name="DesignMode" Val="RTL"/>
      <Option Name="TopModule" Val="Voice_Scope_TOP"/>
    </Config>
  </FileSet>
  <FileSet Name="constrs_in" Type="Constrs" RelSrcDir="$PSRCDIR/constrs_1">
    <Filter Type="Constrs"/>
    <File Path="$PSRCDIR/constrs_1/imports/new/Basys3_Master.xdc">
      <FileInfo>
        <Attr Name="ImportPath" Val="$PPRDIR/../../EE2026 AY18-19 SEM1/Project/ForStudents/Voice_Scope_Project_Template.xpr/Voice_Scope_Project_Template/Voice_Scope_Project_Template.srcs/constrs_1/new/Basys3_Master.xdc"/>
        <Attr Name="ImportTime" Val="1537964798"/>
        <Attr Name="UsedIn" Val="synthesis"/>
        <Attr Name="UsedIn" Val="implementation"/>
      </FileInfo>
    </File>
    <Config>
      <Option Name="ConstrsType" Val="XDC"/>
    </Config>
  </FileSet>
  <Strategy Version="1" Minor="2">
    <StratHandle Name="Vivado Synthesis Defaults" Flow="Vivado Synthesis 2016"/>
    <Step Id="synth_design"/>
  </Strategy>
</GenRun>
