<?xml version="1.0" encoding="UTF-8"?>
<GenRun Id="impl_1" LaunchPart="xc7a35tcpg236-1" LaunchTime="1554378586">
  <File Type="BITSTR-BMM" Name="Voice_Scope_TOP_bd.bmm"/>
  <File Type="OPT-METHODOLOGY-DRC" Name="Voice_Scope_TOP_methodology_drc_opted.rpt"/>
  <File Type="INIT-TIMING" Name="Voice_Scope_TOP_timing_summary_init.rpt"/>
  <File Type="ROUTE-PWR" Name="Voice_Scope_TOP_power_routed.rpt"/>
  <File Type="PA-TCL" Name="Voice_Scope_TOP.tcl"/>
  <File Type="OPT-TIMING" Name="Voice_Scope_TOP_timing_summary_opted.rpt"/>
  <File Type="OPT-DCP" Name="Voice_Scope_TOP_opt.dcp"/>
  <File Type="ROUTE-PWR-SUM" Name="Voice_Scope_TOP_power_summary_routed.pb"/>
  <File Type="REPORTS-TCL" Name="Voice_Scope_TOP_reports.tcl"/>
  <File Type="OPT-DRC" Name="Voice_Scope_TOP_drc_opted.rpt"/>
  <File Type="OPT-HWDEF" Name="Voice_Scope_TOP.hwdef"/>
  <File Type="PWROPT-DCP" Name="Voice_Scope_TOP_pwropt.dcp"/>
  <File Type="PWROPT-DRC" Name="Voice_Scope_TOP_drc_pwropted.rpt"/>
  <File Type="PWROPT-TIMING" Name="Voice_Scope_TOP_timing_summary_pwropted.rpt"/>
  <File Type="PLACE-DCP" Name="Voice_Scope_TOP_placed.dcp"/>
  <File Type="PLACE-IO" Name="Voice_Scope_TOP_io_placed.rpt"/>
  <File Type="PLACE-CLK" Name="Voice_Scope_TOP_clock_utilization_placed.rpt"/>
  <File Type="PLACE-UTIL" Name="Voice_Scope_TOP_utilization_placed.rpt"/>
  <File Type="PLACE-UTIL-PB" Name="Voice_Scope_TOP_utilization_placed.pb"/>
  <File Type="PLACE-CTRL" Name="Voice_Scope_TOP_control_sets_placed.rpt"/>
  <File Type="PLACE-SIMILARITY" Name="Voice_Scope_TOP_incremental_reuse_placed.rpt"/>
  <File Type="PLACE-PRE-SIMILARITY" Name="Voice_Scope_TOP_incremental_reuse_pre_placed.rpt"/>
  <File Type="BG-BGN" Name="Voice_Scope_TOP.bgn"/>
  <File Type="PLACE-TIMING" Name="Voice_Scope_TOP_timing_summary_placed.rpt"/>
  <File Type="POSTPLACE-PWROPT-DCP" Name="Voice_Scope_TOP_postplace_pwropt.dcp"/>
  <File Type="BG-BIN" Name="Voice_Scope_TOP.bin"/>
  <File Type="POSTPLACE-PWROPT-TIMING" Name="Voice_Scope_TOP_timing_summary_postplace_pwropted.rpt"/>
  <File Type="PHYSOPT-DCP" Name="Voice_Scope_TOP_physopt.dcp"/>
  <File Type="PHYSOPT-DRC" Name="Voice_Scope_TOP_drc_physopted.rpt"/>
  <File Type="BITSTR-MSK" Name="Voice_Scope_TOP.msk"/>
  <File Type="PHYSOPT-TIMING" Name="Voice_Scope_TOP_timing_summary_physopted.rpt"/>
  <File Type="ROUTE-ERROR-DCP" Name="Voice_Scope_TOP_routed_error.dcp"/>
  <File Type="ROUTE-DCP" Name="Voice_Scope_TOP_routed.dcp"/>
  <File Type="ROUTE-BLACKBOX-DCP" Name="Voice_Scope_TOP_routed_bb.dcp"/>
  <File Type="ROUTE-DRC" Name="Voice_Scope_TOP_drc_routed.rpt"/>
  <File Type="ROUTE-DRC-PB" Name="Voice_Scope_TOP_drc_routed.pb"/>
  <File Type="BITSTR-LTX" Name="debug_nets.ltx"/>
  <File Type="BITSTR-LTX" Name="Voice_Scope_TOP.ltx"/>
  <File Type="ROUTE-DRC-RPX" Name="Voice_Scope_TOP_drc_routed.rpx"/>
  <File Type="BITSTR-MMI" Name="Voice_Scope_TOP.mmi"/>
  <File Type="ROUTE-METHODOLOGY-DRC" Name="Voice_Scope_TOP_methodology_drc_routed.rpt"/>
  <File Type="ROUTE-METHODOLOGY-DRC-RPX" Name="Voice_Scope_TOP_methodology_drc_routed.rpx"/>
  <File Type="BITSTR-SYSDEF" Name="Voice_Scope_TOP.sysdef"/>
  <File Type="ROUTE-METHODOLOGY-DRC-PB" Name="Voice_Scope_TOP_methodology_drc_routed.pb"/>
  <File Type="ROUTE-PWR-RPX" Name="Voice_Scope_TOP_power_routed.rpx"/>
  <File Type="ROUTE-STATUS" Name="Voice_Scope_TOP_route_status.rpt"/>
  <File Type="ROUTE-STATUS-PB" Name="Voice_Scope_TOP_route_status.pb"/>
  <File Type="ROUTE-TIMINGSUMMARY" Name="Voice_Scope_TOP_timing_summary_routed.rpt"/>
  <File Type="ROUTE-TIMING-PB" Name="Voice_Scope_TOP_timing_summary_routed.pb"/>
  <File Type="ROUTE-TIMING-RPX" Name="Voice_Scope_TOP_timing_summary_routed.rpx"/>
  <File Type="ROUTE-SIMILARITY" Name="Voice_Scope_TOP_incremental_reuse_routed.rpt"/>
  <File Type="ROUTE-CLK" Name="Voice_Scope_TOP_clock_utilization_routed.rpt"/>
  <File Type="ROUTE-BUS-SKEW" Name="Voice_Scope_TOP_bus_skew_routed.rpt"/>
  <File Type="ROUTE-BUS-SKEW-PB" Name="Voice_Scope_TOP_bus_skew_routed.pb"/>
  <File Type="ROUTE-BUS-SKEW-RPX" Name="Voice_Scope_TOP_bus_skew_routed.rpx"/>
  <File Type="POSTROUTE-PHYSOPT-DCP" Name="Voice_Scope_TOP_postroute_physopt.dcp"/>
  <File Type="POSTROUTE-PHYSOPT-BLACKBOX-DCP" Name="Voice_Scope_TOP_postroute_physopt_bb.dcp"/>
  <File Type="POSTROUTE-PHYSOPT-TIMING" Name="Voice_Scope_TOP_timing_summary_postroute_physopted.rpt"/>
  <File Type="POSTROUTE-PHYSOPT-TIMING-PB" Name="Voice_Scope_TOP_timing_summary_postroute_physopted.pb"/>
  <File Type="POSTROUTE-PHYSOPT-TIMING-RPX" Name="Voice_Scope_TOP_timing_summary_postroute_physopted.rpx"/>
  <File Type="POSTROUTE-PHYSOPT-BUS-SKEW" Name="Voice_Scope_TOP_bus_skew_postroute_physopted.rpt"/>
  <File Type="POSTROUTE-PHYSOPT-BUS-SKEW-PB" Name="Voice_Scope_TOP_bus_skew_postroute_physopted.pb"/>
  <File Type="BG-BIT" Name="Voice_Scope_TOP.bit"/>
  <File Type="POSTROUTE-PHYSOPT-BUS-SKEW-RPX" Name="Voice_Scope_TOP_bus_skew_postroute_physopted.rpx"/>
  <File Type="BITSTR-RBT" Name="Voice_Scope_TOP.rbt"/>
  <File Type="BITSTR-NKY" Name="Voice_Scope_TOP.nky"/>
  <File Type="BG-DRC" Name="Voice_Scope_TOP.drc"/>
  <File Type="RDI-RDI" Name="Voice_Scope_TOP.vdi"/>
  <File Type="WBT-USG" Name="usage_statistics_webtalk.html"/>
  <FileSet Name="sources" Type="DesignSrcs" RelSrcDir="$PSRCDIR/sources_1">
    <Filter Type="Srcs"/>
    <File Path="$PSRCDIR/sources_1/new/Button_Pulser.v">
      <FileInfo>
        <Attr Name="UsedIn" Val="synthesis"/>
        <Attr Name="UsedIn" Val="implementation"/>
        <Attr Name="UsedIn" Val="simulation"/>
      </FileInfo>
    </File>
    <File Path="$PSRCDIR/sources_1/new/Color_Selector.v">
      <FileInfo>
        <Attr Name="UsedIn" Val="synthesis"/>
        <Attr Name="UsedIn" Val="implementation"/>
        <Attr Name="UsedIn" Val="simulation"/>
      </FileInfo>
    </File>
    <File Path="$PSRCDIR/sources_1/imports/new/Draw_Background.v">
      <FileInfo>
        <Attr Name="ImportPath" Val="G:/EE2026_Project/EE2026_Project.srcs/sources_1/imports/new/Draw_Background.v"/>
        <Attr Name="ImportTime" Val="1552531879"/>
        <Attr Name="UsedIn" Val="synthesis"/>
        <Attr Name="UsedIn" Val="implementation"/>
        <Attr Name="UsedIn" Val="simulation"/>
      </FileInfo>
    </File>
    <File Path="$PSRCDIR/sources_1/new/Draw_Waveform_Circle.v">
      <FileInfo>
        <Attr Name="UsedIn" Val="synthesis"/>
        <Attr Name="UsedIn" Val="implementation"/>
        <Attr Name="UsedIn" Val="simulation"/>
      </FileInfo>
    </File>
    <File Path="$PSRCDIR/sources_1/new/Draw_Waveform_History.v">
      <FileInfo>
        <Attr Name="UsedIn" Val="synthesis"/>
        <Attr Name="UsedIn" Val="implementation"/>
        <Attr Name="UsedIn" Val="simulation"/>
      </FileInfo>
    </File>
    <File Path="$PSRCDIR/sources_1/new/Draw_Waveform_Mode.v">
      <FileInfo>
        <Attr Name="UsedIn" Val="synthesis"/>
        <Attr Name="UsedIn" Val="implementation"/>
        <Attr Name="UsedIn" Val="simulation"/>
      </FileInfo>
    </File>
    <File Path="$PSRCDIR/sources_1/new/Freq_Counter.v">
      <FileInfo>
        <Attr Name="UsedIn" Val="synthesis"/>
        <Attr Name="UsedIn" Val="implementation"/>
        <Attr Name="UsedIn" Val="simulation"/>
      </FileInfo>
    </File>
    <File Path="$PSRCDIR/sources_1/new/Mode_Selector.v">
      <FileInfo>
        <Attr Name="UsedIn" Val="synthesis"/>
        <Attr Name="UsedIn" Val="implementation"/>
        <Attr Name="UsedIn" Val="simulation"/>
      </FileInfo>
    </File>
    <File Path="$PSRCDIR/sources_1/new/Mouse_Controller.v">
      <FileInfo>
        <Attr Name="UsedIn" Val="synthesis"/>
        <Attr Name="UsedIn" Val="implementation"/>
        <Attr Name="UsedIn" Val="simulation"/>
      </FileInfo>
    </File>
    <File Path="$PSRCDIR/sources_1/new/SEG_Decoder.v">
      <FileInfo>
        <Attr Name="UsedIn" Val="synthesis"/>
        <Attr Name="UsedIn" Val="implementation"/>
        <Attr Name="UsedIn" Val="simulation"/>
      </FileInfo>
    </File>
    <File Path="$PSRCDIR/sources_1/new/Sound_Lvl_Converter.v">
      <FileInfo>
        <Attr Name="UsedIn" Val="synthesis"/>
        <Attr Name="UsedIn" Val="implementation"/>
        <Attr Name="UsedIn" Val="simulation"/>
      </FileInfo>
    </File>
    <File Path="$PSRCDIR/sources_1/imports/new/VGA_DISPLAY.v">
      <FileInfo>
        <Attr Name="ImportPath" Val="G:/EE2026_Project/EE2026_Project.srcs/sources_1/imports/new/VGA_DISPLAY.v"/>
        <Attr Name="ImportTime" Val="1552531879"/>
        <Attr Name="UsedIn" Val="synthesis"/>
        <Attr Name="UsedIn" Val="implementation"/>
        <Attr Name="UsedIn" Val="simulation"/>
      </FileInfo>
    </File>
    <File Path="$PSRCDIR/sources_1/new/Voice_Capturer.v">
      <FileInfo>
        <Attr Name="ImportPath" Val="G:/EE2026_Project/EE2026_Project.srcs/sources_1/new/Voice_Capturer.v"/>
        <Attr Name="ImportTime" Val="1552532411"/>
        <Attr Name="UsedIn" Val="synthesis"/>
        <Attr Name="UsedIn" Val="implementation"/>
        <Attr Name="UsedIn" Val="simulation"/>
      </FileInfo>
    </File>
    <File Path="$PSRCDIR/sources_1/new/char.v">
      <FileInfo>
        <Attr Name="UsedIn" Val="synthesis"/>
        <Attr Name="UsedIn" Val="implementation"/>
        <Attr Name="UsedIn" Val="simulation"/>
      </FileInfo>
    </File>
    <File Path="$PSRCDIR/sources_1/new/clk_30hz.v">
      <FileInfo>
        <Attr Name="UsedIn" Val="synthesis"/>
        <Attr Name="UsedIn" Val="implementation"/>
        <Attr Name="UsedIn" Val="simulation"/>
      </FileInfo>
    </File>
    <File Path="$PSRCDIR/sources_1/new/clk_div.v">
      <FileInfo>
        <Attr Name="ImportPath" Val="G:/EE2026_Project/EE2026_Project.srcs/sources_1/new/clk_div.v"/>
        <Attr Name="ImportTime" Val="1552533089"/>
        <Attr Name="UsedIn" Val="synthesis"/>
        <Attr Name="UsedIn" Val="implementation"/>
        <Attr Name="UsedIn" Val="simulation"/>
      </FileInfo>
    </File>
    <File Path="$PSRCDIR/sources_1/new/pc_vga_8x16.v">
      <FileInfo>
        <Attr Name="UsedIn" Val="synthesis"/>
        <Attr Name="UsedIn" Val="implementation"/>
        <Attr Name="UsedIn" Val="simulation"/>
      </FileInfo>
    </File>
    <File Path="$PSRCDIR/sources_1/new/pc_vga_8x16_00_7F.v">
      <FileInfo>
        <Attr Name="UsedIn" Val="synthesis"/>
        <Attr Name="UsedIn" Val="implementation"/>
        <Attr Name="UsedIn" Val="simulation"/>
      </FileInfo>
    </File>
    <File Path="$PSRCDIR/sources_1/new/pc_vga_8x16_80_FF.v">
      <FileInfo>
        <Attr Name="UsedIn" Val="synthesis"/>
        <Attr Name="UsedIn" Val="implementation"/>
        <Attr Name="UsedIn" Val="simulation"/>
      </FileInfo>
    </File>
    <File Path="$PSRCDIR/sources_1/new/posE_dff.v">
      <FileInfo>
        <Attr Name="UsedIn" Val="synthesis"/>
        <Attr Name="UsedIn" Val="implementation"/>
        <Attr Name="UsedIn" Val="simulation"/>
      </FileInfo>
    </File>
    <File Path="$PSRCDIR/sources_1/imports/new/CLK_108M.vhd">
      <FileInfo>
        <Attr Name="ImportPath" Val="G:/EE2026_Project/EE2026_Project.srcs/sources_1/imports/new/CLK_108M.vhd"/>
        <Attr Name="ImportTime" Val="1552531879"/>
        <Attr Name="UsedIn" Val="synthesis"/>
        <Attr Name="UsedIn" Val="simulation"/>
      </FileInfo>
    </File>
    <File Path="$PSRCDIR/sources_1/new/MouseCtl.vhd">
      <FileInfo>
        <Attr Name="UsedIn" Val="synthesis"/>
        <Attr Name="UsedIn" Val="simulation"/>
      </FileInfo>
    </File>
    <File Path="$PSRCDIR/sources_1/new/Ps2Interface.vhd">
      <FileInfo>
        <Attr Name="UsedIn" Val="synthesis"/>
        <Attr Name="UsedIn" Val="simulation"/>
      </FileInfo>
    </File>
    <File Path="$PSRCDIR/sources_1/imports/new/VGA_CONTROL.vhd">
      <FileInfo>
        <Attr Name="ImportPath" Val="G:/EE2026_Project/EE2026_Project.srcs/sources_1/imports/new/VGA_CONTROL.vhd"/>
        <Attr Name="ImportTime" Val="1552531879"/>
        <Attr Name="UsedIn" Val="synthesis"/>
        <Attr Name="UsedIn" Val="simulation"/>
      </FileInfo>
    </File>
    <File Path="$PSRCDIR/sources_1/new/Voice_Scope_TOP.v">
      <FileInfo>
        <Attr Name="ImportPath" Val="G:/EE2026_Project/EE2026_Project.srcs/sources_1/new/Voice_Scope_TOP.v"/>
        <Attr Name="ImportTime" Val="1552548330"/>
        <Attr Name="UsedIn" Val="synthesis"/>
        <Attr Name="UsedIn" Val="implementation"/>
        <Attr Name="UsedIn" Val="simulation"/>
      </FileInfo>
    </File>
    <File Path="$PSRCDIR/sources_1/imports/new/Draw_Waveform.v">
      <FileInfo>
        <Attr Name="AutoDisabled" Val="1"/>
        <Attr Name="ImportPath" Val="G:/EE2026_Project/EE2026_Project.srcs/sources_1/imports/new/Draw_Waveform.v"/>
        <Attr Name="ImportTime" Val="1552548495"/>
        <Attr Name="UsedIn" Val="synthesis"/>
        <Attr Name="UsedIn" Val="implementation"/>
        <Attr Name="UsedIn" Val="simulation"/>
      </FileInfo>
    </File>
    <File Path="$PSRCDIR/sources_1/new/Sound_Per_Converter.v">
      <FileInfo>
        <Attr Name="AutoDisabled" Val="1"/>
        <Attr Name="UsedIn" Val="synthesis"/>
        <Attr Name="UsedIn" Val="implementation"/>
        <Attr Name="UsedIn" Val="simulation"/>
      </FileInfo>
    </File>
    <File Path="$PSRCDIR/sources_1/new/Freq_Decoder.v">
      <FileInfo>
        <Attr Name="AutoDisabled" Val="1"/>
        <Attr Name="UsedIn" Val="synthesis"/>
        <Attr Name="UsedIn" Val="implementation"/>
        <Attr Name="UsedIn" Val="simulation"/>
      </FileInfo>
    </File>
    <File Path="$PSRCDIR/sources_1/new/Freq_Sampler.v">
      <FileInfo>
        <Attr Name="AutoDisabled" Val="1"/>
        <Attr Name="UsedIn" Val="synthesis"/>
        <Attr Name="UsedIn" Val="implementation"/>
        <Attr Name="UsedIn" Val="simulation"/>
      </FileInfo>
    </File>
    <File Path="$PSRCDIR/sources_1/new/clk_1Hz.v">
      <FileInfo>
        <Attr Name="AutoDisabled" Val="1"/>
        <Attr Name="UsedIn" Val="synthesis"/>
        <Attr Name="UsedIn" Val="implementation"/>
        <Attr Name="UsedIn" Val="simulation"/>
      </FileInfo>
    </File>
    <File Path="$PSRCDIR/sources_1/new/Freq_FlipState.v">
      <FileInfo>
        <Attr Name="AutoDisabled" Val="1"/>
        <Attr Name="UsedIn" Val="synthesis"/>
        <Attr Name="UsedIn" Val="implementation"/>
        <Attr Name="UsedIn" Val="simulation"/>
      </FileInfo>
    </File>
    <File Path="$PSRCDIR/sources_1/imports/new/VOICE_CAPTURER.v">
      <FileInfo>
        <Attr Name="AutoDisabled" Val="1"/>
        <Attr Name="ImportPath" Val="G:/EE2026_Project/EE2026_Project.srcs/sources_1/imports/new/VOICE_CAPTURER.v"/>
        <Attr Name="ImportTime" Val="1552531879"/>
        <Attr Name="UsedIn" Val="synthesis"/>
        <Attr Name="UsedIn" Val="implementation"/>
        <Attr Name="UsedIn" Val="simulation"/>
      </FileInfo>
    </File>
    <File Path="$PSRCDIR/sources_1/new/LED_display.v">
      <FileInfo>
        <Attr Name="AutoDisabled" Val="1"/>
        <Attr Name="UsedIn" Val="synthesis"/>
        <Attr Name="UsedIn" Val="implementation"/>
        <Attr Name="UsedIn" Val="simulation"/>
      </FileInfo>
    </File>
    <File Path="$PPRDIR/../EE2026_Project/archive_project_summary.txt"/>
    <Config>
      <Option Name="DesignMode" Val="RTL"/>
      <Option Name="TopModule" Val="Voice_Scope_TOP"/>
      <Option Name="TopAutoSet" Val="TRUE"/>
    </Config>
  </FileSet>
  <FileSet Name="constrs_in" Type="Constrs" RelSrcDir="$PSRCDIR/constrs_1">
    <Filter Type="Constrs"/>
    <File Path="$PSRCDIR/constrs_1/new/Basys3_Master.xdc">
      <FileInfo>
        <Attr Name="ImportPath" Val="G:/EE2026_Project/EE2026_Project.srcs/constrs_1/new/Basys3_Master.xdc"/>
        <Attr Name="ImportTime" Val="1552532209"/>
        <Attr Name="UsedIn" Val="synthesis"/>
        <Attr Name="UsedIn" Val="implementation"/>
      </FileInfo>
    </File>
    <Config>
      <Option Name="ConstrsType" Val="XDC"/>
    </Config>
  </FileSet>
  <FileSet Name="utils" Type="Utils" RelSrcDir="$PSRCDIR/utils_1">
    <Filter Type="Utils"/>
    <Config>
      <Option Name="TopAutoSet" Val="TRUE"/>
    </Config>
  </FileSet>
  <Strategy Version="1" Minor="2">
    <StratHandle Name="Vivado Implementation Defaults" Flow="Vivado Implementation 2018"/>
    <Step Id="init_design"/>
    <Step Id="opt_design"/>
    <Step Id="power_opt_design"/>
    <Step Id="place_design"/>
    <Step Id="post_place_power_opt_design"/>
    <Step Id="phys_opt_design"/>
    <Step Id="route_design"/>
    <Step Id="post_route_phys_opt_design"/>
    <Step Id="write_bitstream"/>
  </Strategy>
</GenRun>
