<?xml version="1.0" encoding="UTF-8"?>
<GenRun Id="impl_1" LaunchPart="xc7a35tcpg236-1" LaunchTime="1541249461">
  <File Type="ROUTE-PWR" Name="Voice_Scope_TOP_power_routed.rpt"/>
  <File Type="PA-TCL" Name="Voice_Scope_TOP.tcl"/>
  <File Type="BITSTR-BMM" Name="Voice_Scope_TOP_bd.bmm"/>
  <File Type="ROUTE-PWR-SUM" Name="Voice_Scope_TOP_power_summary_routed.pb"/>
  <File Type="REPORTS-TCL" Name="Voice_Scope_TOP_reports.tcl"/>
  <File Type="OPT-DCP" Name="Voice_Scope_TOP_opt.dcp"/>
  <File Type="OPT-DRC" Name="Voice_Scope_TOP_drc_opted.rpt"/>
  <File Type="OPT-HWDEF" Name="Voice_Scope_TOP.hwdef"/>
  <File Type="PWROPT-DCP" Name="Voice_Scope_TOP_pwropt.dcp"/>
  <File Type="PLACE-DCP" Name="Voice_Scope_TOP_placed.dcp"/>
  <File Type="PLACE-IO" Name="Voice_Scope_TOP_io_placed.rpt"/>
  <File Type="PLACE-UTIL" Name="Voice_Scope_TOP_utilization_placed.rpt"/>
  <File Type="PLACE-UTIL-PB" Name="Voice_Scope_TOP_utilization_placed.pb"/>
  <File Type="PLACE-CTRL" Name="Voice_Scope_TOP_control_sets_placed.rpt"/>
  <File Type="PLACE-PRE-SIMILARITY" Name="Voice_Scope_TOP_incremental_reuse_pre_placed.rpt"/>
  <File Type="BG-BGN" Name="Voice_Scope_TOP.bgn"/>
  <File Type="POSTPLACE-PWROPT-DCP" Name="Voice_Scope_TOP_postplace_pwropt.dcp"/>
  <File Type="BG-BIN" Name="Voice_Scope_TOP.bin"/>
  <File Type="PHYSOPT-DCP" Name="Voice_Scope_TOP_physopt.dcp"/>
  <File Type="BITSTR-MSK" Name="Voice_Scope_TOP.msk"/>
  <File Type="ROUTE-ERROR-DCP" Name="Voice_Scope_TOP_routed_error.dcp"/>
  <File Type="ROUTE-DCP" Name="Voice_Scope_TOP_routed.dcp"/>
  <File Type="ROUTE-BLACKBOX-DCP" Name="Voice_Scope_TOP_routed_bb.dcp"/>
  <File Type="ROUTE-DRC" Name="Voice_Scope_TOP_drc_routed.rpt"/>
  <File Type="ROUTE-DRC-PB" Name="Voice_Scope_TOP_drc_routed.pb"/>
  <File Type="ROUTE-DRC-RPX" Name="Voice_Scope_TOP_drc_routed.rpx"/>
  <File Type="BITSTR-LTX" Name="Voice_Scope_TOP.ltx"/>
  <File Type="ROUTE-METHODOLOGY-DRC" Name="Voice_Scope_TOP_methodology_drc_routed.rpt"/>
  <File Type="BITSTR-MMI" Name="Voice_Scope_TOP.mmi"/>
  <File Type="ROUTE-METHODOLOGY-DRC-RPX" Name="Voice_Scope_TOP_methodology_drc_routed.rpx"/>
  <File Type="ROUTE-METHODOLOGY-DRC-PB" Name="Voice_Scope_TOP_methodology_drc_routed.pb"/>
  <File Type="BITSTR-SYSDEF" Name="Voice_Scope_TOP.sysdef"/>
  <File Type="ROUTE-PWR-RPX" Name="Voice_Scope_TOP_power_routed.rpx"/>
  <File Type="ROUTE-STATUS" Name="Voice_Scope_TOP_route_status.rpt"/>
  <File Type="ROUTE-STATUS-PB" Name="Voice_Scope_TOP_route_status.pb"/>
  <File Type="ROUTE-TIMINGSUMMARY" Name="Voice_Scope_TOP_timing_summary_routed.rpt"/>
  <File Type="ROUTE-TIMING-PB" Name="Voice_Scope_TOP_timing_summary_routed.pb"/>
  <File Type="ROUTE-TIMING-RPX" Name="Voice_Scope_TOP_timing_summary_routed.rpx"/>
  <File Type="ROUTE-CLK" Name="Voice_Scope_TOP_clock_utilization_routed.rpt"/>
  <File Type="ROUTE-BUS-SKEW" Name="Voice_Scope_TOP_bus_skew_routed.rpt"/>
  <File Type="ROUTE-BUS-SKEW-PB" Name="Voice_Scope_TOP_bus_skew_routed.pb"/>
  <File Type="ROUTE-BUS-SKEW-RPX" Name="Voice_Scope_TOP_bus_skew_routed.rpx"/>
  <File Type="POSTROUTE-PHYSOPT-DCP" Name="Voice_Scope_TOP_postroute_physopt.dcp"/>
  <File Type="POSTROUTE-PHYSOPT-BLACKBOX-DCP" Name="Voice_Scope_TOP_postroute_physopt_bb.dcp"/>
  <File Type="BG-BIT" Name="Voice_Scope_TOP.bit"/>
  <File Type="BITSTR-RBT" Name="Voice_Scope_TOP.rbt"/>
  <File Type="BITSTR-NKY" Name="Voice_Scope_TOP.nky"/>
  <File Type="BG-DRC" Name="Voice_Scope_TOP.drc"/>
  <File Type="RDI-RDI" Name="Voice_Scope_TOP.vdi"/>
  <File Type="WBT-USG" Name="usage_statistics_webtalk.html"/>
  <FileSet Name="sources" Type="DesignSrcs" RelSrcDir="$PSRCDIR/sources_1">
    <Filter Type="Srcs"/>
    <File Path="$PSRCDIR/sources_1/new/Voice_Scope_TOP.v">
      <FileInfo>
        <Attr Name="ImportPath" Val="$PPRDIR/../../../../../../../../Desktop/NUS/Y1S1/EE2026/Labs/Real-Time Voice Scope/Real-Time Voice Scope.srcs/sources_1/new/Voice_Scope_TOP.v"/>
        <Attr Name="ImportTime" Val="1541245178"/>
        <Attr Name="UsedIn" Val="synthesis"/>
        <Attr Name="UsedIn" Val="implementation"/>
        <Attr Name="UsedIn" Val="simulation"/>
      </FileInfo>
    </File>
    <File Path="$PSRCDIR/sources_1/new/Freq_To_Clk_Divider.v">
      <FileInfo>
        <Attr Name="ImportPath" Val="$PPRDIR/../../../../../../../../Desktop/NUS/Y1S1/EE2026/Labs/Real-Time Voice Scope/Real-Time Voice Scope.srcs/sources_1/new/Freq_To_Clk_Divider.v"/>
        <Attr Name="ImportTime" Val="1541245641"/>
        <Attr Name="UsedIn" Val="synthesis"/>
        <Attr Name="UsedIn" Val="implementation"/>
        <Attr Name="UsedIn" Val="simulation"/>
      </FileInfo>
    </File>
    <File Path="$PSRCDIR/sources_1/new/Clk_Div.v">
      <FileInfo>
        <Attr Name="ImportPath" Val="$PPRDIR/../../../../../../../../Desktop/NUS/Y1S1/EE2026/Labs/Real-Time Voice Scope/Real-Time Voice Scope.srcs/sources_1/new/Clk_Div.v"/>
        <Attr Name="ImportTime" Val="1541220269"/>
        <Attr Name="UsedIn" Val="synthesis"/>
        <Attr Name="UsedIn" Val="implementation"/>
        <Attr Name="UsedIn" Val="simulation"/>
      </FileInfo>
    </File>
    <File Path="$PSRCDIR/sources_1/new/Slow_Clocks.v">
      <FileInfo>
        <Attr Name="ImportPath" Val="$PPRDIR/../../../../../../../../Desktop/NUS/Y1S1/EE2026/Labs/Real-Time Voice Scope/Real-Time Voice Scope.srcs/sources_1/new/Slow_Clocks.v"/>
        <Attr Name="ImportTime" Val="1541246230"/>
        <Attr Name="UsedIn" Val="synthesis"/>
        <Attr Name="UsedIn" Val="implementation"/>
        <Attr Name="UsedIn" Val="simulation"/>
      </FileInfo>
    </File>
    <File Path="$PSRCDIR/sources_1/new/VOICE_CAPTURER.v">
      <FileInfo>
        <Attr Name="ImportPath" Val="$PPRDIR/../../../../../../../../Desktop/NUS/Y1S1/EE2026/Labs/Real-Time Voice Scope/Real-Time Voice Scope.srcs/sources_1/new/VOICE_CAPTURER.v"/>
        <Attr Name="ImportTime" Val="1541220393"/>
        <Attr Name="UsedIn" Val="synthesis"/>
        <Attr Name="UsedIn" Val="implementation"/>
        <Attr Name="UsedIn" Val="simulation"/>
      </FileInfo>
    </File>
    <File Path="$PSRCDIR/sources_1/new/TestWave_Gen.v">
      <FileInfo>
        <Attr Name="ImportPath" Val="$PPRDIR/../../../../../../../../Desktop/NUS/Y1S1/EE2026/Labs/Real-Time Voice Scope/Real-Time Voice Scope.srcs/sources_1/new/TestWave_Gen.v"/>
        <Attr Name="ImportTime" Val="1541224426"/>
        <Attr Name="UsedIn" Val="synthesis"/>
        <Attr Name="UsedIn" Val="implementation"/>
        <Attr Name="UsedIn" Val="simulation"/>
      </FileInfo>
    </File>
    <File Path="$PSRCDIR/sources_1/new/Volume_Converter.v">
      <FileInfo>
        <Attr Name="ImportPath" Val="$PPRDIR/../../../../../../../../Desktop/NUS/Y1S1/EE2026/Labs/Real-Time Voice Scope/Real-Time Voice Scope.srcs/sources_1/new/Volume_Converter.v"/>
        <Attr Name="ImportTime" Val="1541247710"/>
        <Attr Name="UsedIn" Val="synthesis"/>
        <Attr Name="UsedIn" Val="implementation"/>
        <Attr Name="UsedIn" Val="simulation"/>
      </FileInfo>
    </File>
    <File Path="$PSRCDIR/sources_1/new/Waveform_Select.v">
      <FileInfo>
        <Attr Name="ImportPath" Val="$PPRDIR/../../../../../../../../Desktop/NUS/Y1S1/EE2026/Labs/Real-Time Voice Scope/Real-Time Voice Scope.srcs/sources_1/new/Waveform_Select.v"/>
        <Attr Name="ImportTime" Val="1541224713"/>
        <Attr Name="UsedIn" Val="synthesis"/>
        <Attr Name="UsedIn" Val="implementation"/>
        <Attr Name="UsedIn" Val="simulation"/>
      </FileInfo>
    </File>
    <File Path="$PSRCDIR/sources_1/new/VGA_CONTROL.vhd">
      <FileInfo>
        <Attr Name="ImportPath" Val="$PPRDIR/../../../../../../../../Desktop/NUS/Y1S1/EE2026/Labs/Real-Time Voice Scope/Real-Time Voice Scope.srcs/sources_1/new/VGA_CONTROL.vhd"/>
        <Attr Name="ImportTime" Val="1539449376"/>
        <Attr Name="UsedIn" Val="synthesis"/>
        <Attr Name="UsedIn" Val="simulation"/>
      </FileInfo>
    </File>
    <File Path="$PSRCDIR/sources_1/new/VGA_DISPLAY.v">
      <FileInfo>
        <Attr Name="ImportPath" Val="$PPRDIR/../../../../../../../../Desktop/NUS/Y1S1/EE2026/Labs/Real-Time Voice Scope/Real-Time Voice Scope.srcs/sources_1/new/VGA_DISPLAY.v"/>
        <Attr Name="ImportTime" Val="1541225198"/>
        <Attr Name="UsedIn" Val="synthesis"/>
        <Attr Name="UsedIn" Val="implementation"/>
        <Attr Name="UsedIn" Val="simulation"/>
      </FileInfo>
    </File>
    <File Path="$PSRCDIR/sources_1/new/CLK_108M.vhd">
      <FileInfo>
        <Attr Name="ImportPath" Val="$PPRDIR/../../../../../../../../Desktop/NUS/Y1S1/EE2026/Labs/Real-Time Voice Scope/Real-Time Voice Scope.srcs/sources_1/new/CLK_108M.vhd"/>
        <Attr Name="ImportTime" Val="1539449375"/>
        <Attr Name="UsedIn" Val="synthesis"/>
        <Attr Name="UsedIn" Val="simulation"/>
      </FileInfo>
    </File>
    <File Path="$PSRCDIR/sources_1/new/Menu_Config.v">
      <FileInfo>
        <Attr Name="ImportPath" Val="$PPRDIR/../../../../../../../../Desktop/NUS/Y1S1/EE2026/Labs/Real-Time Voice Scope/Real-Time Voice Scope.srcs/sources_1/new/Menu_Config.v"/>
        <Attr Name="ImportTime" Val="1541242754"/>
        <Attr Name="UsedIn" Val="synthesis"/>
        <Attr Name="UsedIn" Val="implementation"/>
        <Attr Name="UsedIn" Val="simulation"/>
      </FileInfo>
    </File>
    <File Path="$PSRCDIR/sources_1/new/Debounce_Circuit.v">
      <FileInfo>
        <Attr Name="ImportPath" Val="$PPRDIR/../../../../../../../../Desktop/NUS/Y1S1/EE2026/Labs/Real-Time Voice Scope/Real-Time Voice Scope.srcs/sources_1/new/Debounce_Circuit.v"/>
        <Attr Name="ImportTime" Val="1541228378"/>
        <Attr Name="UsedIn" Val="synthesis"/>
        <Attr Name="UsedIn" Val="implementation"/>
        <Attr Name="UsedIn" Val="simulation"/>
      </FileInfo>
    </File>
    <File Path="$PSRCDIR/sources_1/new/D_Flip_Flop.v">
      <FileInfo>
        <Attr Name="ImportPath" Val="$PPRDIR/../../../../../../../../Desktop/NUS/Y1S1/EE2026/Labs/Real-Time Voice Scope/Real-Time Voice Scope.srcs/sources_1/new/D_Flip_Flop.v"/>
        <Attr Name="ImportTime" Val="1541228196"/>
        <Attr Name="UsedIn" Val="synthesis"/>
        <Attr Name="UsedIn" Val="implementation"/>
        <Attr Name="UsedIn" Val="simulation"/>
      </FileInfo>
    </File>
    <File Path="$PSRCDIR/sources_1/new/Buttons_Debounce.v">
      <FileInfo>
        <Attr Name="ImportPath" Val="$PPRDIR/../../../../../../../../Desktop/NUS/Y1S1/EE2026/Labs/Real-Time Voice Scope/Real-Time Voice Scope.srcs/sources_1/new/Buttons_Debounce.v"/>
        <Attr Name="ImportTime" Val="1541238916"/>
        <Attr Name="UsedIn" Val="synthesis"/>
        <Attr Name="UsedIn" Val="implementation"/>
        <Attr Name="UsedIn" Val="simulation"/>
      </FileInfo>
    </File>
    <File Path="$PSRCDIR/sources_1/new/Leds_Config.v">
      <FileInfo>
        <Attr Name="ImportPath" Val="$PPRDIR/../../../../../../../../Desktop/NUS/Y1S1/EE2026/Labs/Real-Time Voice Scope/Real-Time Voice Scope.srcs/sources_1/new/Leds_Config.v"/>
        <Attr Name="ImportTime" Val="1541242344"/>
        <Attr Name="UsedIn" Val="synthesis"/>
        <Attr Name="UsedIn" Val="implementation"/>
        <Attr Name="UsedIn" Val="simulation"/>
      </FileInfo>
    </File>
    <File Path="$PSRCDIR/sources_1/new/Seg_Config.v">
      <FileInfo>
        <Attr Name="ImportPath" Val="$PPRDIR/../../../../../../../../Desktop/NUS/Y1S1/EE2026/Labs/Real-Time Voice Scope/Real-Time Voice Scope.srcs/sources_1/new/Seg_Config.v"/>
        <Attr Name="ImportTime" Val="1541248495"/>
        <Attr Name="UsedIn" Val="synthesis"/>
        <Attr Name="UsedIn" Val="implementation"/>
        <Attr Name="UsedIn" Val="simulation"/>
      </FileInfo>
    </File>
    <File Path="$PSRCDIR/sources_1/new/Disp_Config.v">
      <FileInfo>
        <Attr Name="ImportPath" Val="$PPRDIR/../../../../../../../../Desktop/NUS/Y1S1/EE2026/Labs/Real-Time Voice Scope/Real-Time Voice Scope.srcs/sources_1/new/Disp_Config.v"/>
        <Attr Name="ImportTime" Val="1541248751"/>
        <Attr Name="UsedIn" Val="synthesis"/>
        <Attr Name="UsedIn" Val="implementation"/>
        <Attr Name="UsedIn" Val="simulation"/>
      </FileInfo>
    </File>
    <File Path="$PSRCDIR/sources_1/new/Leds_Array.v">
      <FileInfo>
        <Attr Name="ImportPath" Val="$PPRDIR/../../../../../../../../Desktop/NUS/Y1S1/EE2026/Labs/Real-Time Voice Scope/Real-Time Voice Scope.srcs/sources_1/new/Leds_Array.v"/>
        <Attr Name="ImportTime" Val="1541233045"/>
        <Attr Name="UsedIn" Val="synthesis"/>
        <Attr Name="UsedIn" Val="implementation"/>
        <Attr Name="UsedIn" Val="simulation"/>
      </FileInfo>
    </File>
    <File Path="$PSRCDIR/sources_1/new/Seg_Lut.v">
      <FileInfo>
        <Attr Name="ImportPath" Val="$PPRDIR/../../../../../../../../Desktop/NUS/Y1S1/EE2026/Labs/Real-Time Voice Scope/Real-Time Voice Scope.srcs/sources_1/new/Seg_Lut.v"/>
        <Attr Name="ImportTime" Val="1541233368"/>
        <Attr Name="UsedIn" Val="synthesis"/>
        <Attr Name="UsedIn" Val="implementation"/>
        <Attr Name="UsedIn" Val="simulation"/>
      </FileInfo>
    </File>
    <File Path="$PSRCDIR/sources_1/new/Seg_Mux.v">
      <FileInfo>
        <Attr Name="ImportPath" Val="$PPRDIR/../../../../../../../../Desktop/NUS/Y1S1/EE2026/Labs/Real-Time Voice Scope/Real-Time Voice Scope.srcs/sources_1/new/Seg_Mux.v"/>
        <Attr Name="ImportTime" Val="1541250455"/>
        <Attr Name="UsedIn" Val="synthesis"/>
        <Attr Name="UsedIn" Val="implementation"/>
        <Attr Name="UsedIn" Val="simulation"/>
      </FileInfo>
    </File>
    <File Path="$PSRCDIR/sources_1/new/Seg_Display.v">
      <FileInfo>
        <Attr Name="ImportPath" Val="$PPRDIR/../../../../../../../../Desktop/NUS/Y1S1/EE2026/Labs/Real-Time Voice Scope/Real-Time Voice Scope.srcs/sources_1/new/Seg_Display.v"/>
        <Attr Name="ImportTime" Val="1541235509"/>
        <Attr Name="UsedIn" Val="synthesis"/>
        <Attr Name="UsedIn" Val="implementation"/>
        <Attr Name="UsedIn" Val="simulation"/>
      </FileInfo>
    </File>
    <File Path="$PSRCDIR/sources_1/new/Draw_Background.v">
      <FileInfo>
        <Attr Name="ImportPath" Val="$PPRDIR/../../../../../../../../Desktop/NUS/Y1S1/EE2026/Labs/Real-Time Voice Scope/Real-Time Voice Scope.srcs/sources_1/new/Draw_Background.v"/>
        <Attr Name="ImportTime" Val="1541249210"/>
        <Attr Name="UsedIn" Val="synthesis"/>
        <Attr Name="UsedIn" Val="implementation"/>
        <Attr Name="UsedIn" Val="simulation"/>
      </FileInfo>
    </File>
    <File Path="$PSRCDIR/sources_1/new/Background_Mux.v">
      <FileInfo>
        <Attr Name="ImportPath" Val="$PPRDIR/../../../../../../../../Desktop/NUS/Y1S1/EE2026/Labs/Real-Time Voice Scope/Real-Time Voice Scope.srcs/sources_1/new/Background_Mux.v"/>
        <Attr Name="ImportTime" Val="1541237030"/>
        <Attr Name="UsedIn" Val="synthesis"/>
        <Attr Name="UsedIn" Val="implementation"/>
        <Attr Name="UsedIn" Val="simulation"/>
      </FileInfo>
    </File>
    <File Path="$PSRCDIR/sources_1/new/Grid_Mux.v">
      <FileInfo>
        <Attr Name="ImportPath" Val="$PPRDIR/../../../../../../../../Desktop/NUS/Y1S1/EE2026/Labs/Real-Time Voice Scope/Real-Time Voice Scope.srcs/sources_1/new/Grid_Mux.v"/>
        <Attr Name="ImportTime" Val="1541237102"/>
        <Attr Name="UsedIn" Val="synthesis"/>
        <Attr Name="UsedIn" Val="implementation"/>
        <Attr Name="UsedIn" Val="simulation"/>
      </FileInfo>
    </File>
    <File Path="$PSRCDIR/sources_1/new/Draw_Waveform.v">
      <FileInfo>
        <Attr Name="ImportPath" Val="$PPRDIR/../../../../../../../../Desktop/NUS/Y1S1/EE2026/Labs/Real-Time Voice Scope/Real-Time Voice Scope.srcs/sources_1/new/Draw_Waveform.v"/>
        <Attr Name="ImportTime" Val="1541246622"/>
        <Attr Name="UsedIn" Val="synthesis"/>
        <Attr Name="UsedIn" Val="implementation"/>
        <Attr Name="UsedIn" Val="simulation"/>
      </FileInfo>
    </File>
    <File Path="$PSRCDIR/sources_1/new/Normal_Waveform.v">
      <FileInfo>
        <Attr Name="ImportPath" Val="$PPRDIR/../../../../../../../../Desktop/NUS/Y1S1/EE2026/Labs/Real-Time Voice Scope/Real-Time Voice Scope.srcs/sources_1/new/Normal_Waveform.v"/>
        <Attr Name="ImportTime" Val="1541238027"/>
        <Attr Name="UsedIn" Val="synthesis"/>
        <Attr Name="UsedIn" Val="implementation"/>
        <Attr Name="UsedIn" Val="simulation"/>
      </FileInfo>
    </File>
    <File Path="$PSRCDIR/sources_1/new/Bar_Waveform.v">
      <FileInfo>
        <Attr Name="ImportPath" Val="$PPRDIR/../../../../../../../../Desktop/NUS/Y1S1/EE2026/Labs/Real-Time Voice Scope/Real-Time Voice Scope.srcs/sources_1/new/Bar_Waveform.v"/>
        <Attr Name="ImportTime" Val="1541239150"/>
        <Attr Name="UsedIn" Val="synthesis"/>
        <Attr Name="UsedIn" Val="implementation"/>
        <Attr Name="UsedIn" Val="simulation"/>
      </FileInfo>
    </File>
    <File Path="$PSRCDIR/sources_1/new/Circle_Waveform.v">
      <FileInfo>
        <Attr Name="ImportPath" Val="$PPRDIR/../../../../../../../../Desktop/NUS/Y1S1/EE2026/Labs/Real-Time Voice Scope/Real-Time Voice Scope.srcs/sources_1/new/Circle_Waveform.v"/>
        <Attr Name="ImportTime" Val="1541250089"/>
        <Attr Name="UsedIn" Val="synthesis"/>
        <Attr Name="UsedIn" Val="implementation"/>
        <Attr Name="UsedIn" Val="simulation"/>
      </FileInfo>
    </File>
    <File Path="$PSRCDIR/sources_1/new/Draw_Vol_History.v">
      <FileInfo>
        <Attr Name="ImportPath" Val="$PPRDIR/../../../../../../../../Desktop/NUS/Y1S1/EE2026/Labs/Real-Time Voice Scope/Real-Time Voice Scope.srcs/sources_1/new/Draw_Vol_History.v"/>
        <Attr Name="ImportTime" Val="1541248976"/>
        <Attr Name="UsedIn" Val="synthesis"/>
        <Attr Name="UsedIn" Val="implementation"/>
        <Attr Name="UsedIn" Val="simulation"/>
      </FileInfo>
    </File>
    <File Path="$PSRCDIR/sources_1/new/font_rom.vhd">
      <FileInfo>
        <Attr Name="ImportPath" Val="$PPRDIR/../../../../../../../../Desktop/NUS/Y1S1/EE2026/Labs/Real-Time Voice Scope/Real-Time Voice Scope.srcs/sources_1/new/font_rom.vhd"/>
        <Attr Name="ImportTime" Val="1540610681"/>
        <Attr Name="UsedIn" Val="synthesis"/>
        <Attr Name="UsedIn" Val="simulation"/>
      </FileInfo>
    </File>
    <File Path="$PSRCDIR/sources_1/new/Pixel_On_Text2.vhd">
      <FileInfo>
        <Attr Name="ImportPath" Val="$PPRDIR/../../../../../../../../Desktop/NUS/Y1S1/EE2026/Labs/Real-Time Voice Scope/Real-Time Voice Scope.srcs/sources_1/new/Pixel_On_Text2.vhd"/>
        <Attr Name="ImportTime" Val="1541250421"/>
        <Attr Name="UsedIn" Val="synthesis"/>
        <Attr Name="UsedIn" Val="simulation"/>
      </FileInfo>
    </File>
    <File Path="$PSRCDIR/sources_1/new/commonPak.vhd">
      <FileInfo>
        <Attr Name="ImportPath" Val="$PPRDIR/../../../../../../../../Desktop/NUS/Y1S1/EE2026/Labs/Real-Time Voice Scope/Real-Time Voice Scope.srcs/sources_1/new/commonPak.vhd"/>
        <Attr Name="ImportTime" Val="1540583337"/>
        <Attr Name="UsedIn" Val="synthesis"/>
        <Attr Name="UsedIn" Val="simulation"/>
      </FileInfo>
    </File>
    <File Path="$PSRCDIR/sources_1/new/Draw_Menu.v">
      <FileInfo>
        <Attr Name="ImportPath" Val="$PPRDIR/../../../../../../../../Desktop/NUS/Y1S1/EE2026/Labs/Real-Time Voice Scope/Real-Time Voice Scope.srcs/sources_1/new/Draw_Menu.v"/>
        <Attr Name="ImportTime" Val="1541244759"/>
        <Attr Name="UsedIn" Val="synthesis"/>
        <Attr Name="UsedIn" Val="implementation"/>
        <Attr Name="UsedIn" Val="simulation"/>
      </FileInfo>
    </File>
    <File Path="$PSRCDIR/sources_1/new/Draw_Vga_Menu.v">
      <FileInfo>
        <Attr Name="ImportPath" Val="$PPRDIR/../../../../../../../../Desktop/NUS/Y1S1/EE2026/Labs/Real-Time Voice Scope/Real-Time Voice Scope.srcs/sources_1/new/Draw_Vga_Menu.v"/>
        <Attr Name="ImportTime" Val="1541244331"/>
        <Attr Name="UsedIn" Val="synthesis"/>
        <Attr Name="UsedIn" Val="implementation"/>
        <Attr Name="UsedIn" Val="simulation"/>
      </FileInfo>
    </File>
    <File Path="$PSRCDIR/sources_1/new/Draw_Menu_Pointer.v">
      <FileInfo>
        <Attr Name="ImportPath" Val="$PPRDIR/../../../../../../../../Desktop/NUS/Y1S1/EE2026/Labs/Real-Time Voice Scope/Real-Time Voice Scope.srcs/sources_1/new/Draw_Menu_Pointer.v"/>
        <Attr Name="ImportTime" Val="1541250318"/>
        <Attr Name="UsedIn" Val="synthesis"/>
        <Attr Name="UsedIn" Val="implementation"/>
        <Attr Name="UsedIn" Val="simulation"/>
      </FileInfo>
    </File>
    <File Path="$PSRCDIR/sources_1/new/Draw_Main_Menu.v">
      <FileInfo>
        <Attr Name="ImportPath" Val="$PPRDIR/../../../../../../../../Desktop/NUS/Y1S1/EE2026/Labs/Real-Time Voice Scope/Real-Time Voice Scope.srcs/sources_1/new/Draw_Main_Menu.v"/>
        <Attr Name="ImportTime" Val="1541243959"/>
        <Attr Name="UsedIn" Val="synthesis"/>
        <Attr Name="UsedIn" Val="implementation"/>
        <Attr Name="UsedIn" Val="simulation"/>
      </FileInfo>
    </File>
    <File Path="$PSRCDIR/sources_1/new/Draw_Seg_Menu.v">
      <FileInfo>
        <Attr Name="ImportPath" Val="$PPRDIR/../../../../../../../../Desktop/NUS/Y1S1/EE2026/Labs/Real-Time Voice Scope/Real-Time Voice Scope.srcs/sources_1/new/Draw_Seg_Menu.v"/>
        <Attr Name="ImportTime" Val="1541244143"/>
        <Attr Name="UsedIn" Val="synthesis"/>
        <Attr Name="UsedIn" Val="implementation"/>
        <Attr Name="UsedIn" Val="simulation"/>
      </FileInfo>
    </File>
    <File Path="$PSRCDIR/sources_1/new/Draw_Leds_Menu.v">
      <FileInfo>
        <Attr Name="ImportPath" Val="$PPRDIR/../../../../../../../../Desktop/NUS/Y1S1/EE2026/Labs/Real-Time Voice Scope/Real-Time Voice Scope.srcs/sources_1/new/Draw_Leds_Menu.v"/>
        <Attr Name="ImportTime" Val="1541244027"/>
        <Attr Name="UsedIn" Val="synthesis"/>
        <Attr Name="UsedIn" Val="implementation"/>
        <Attr Name="UsedIn" Val="simulation"/>
      </FileInfo>
    </File>
    <File Path="$PSRCDIR/sources_1/new/Draw_Menu_Background.v">
      <FileInfo>
        <Attr Name="ImportPath" Val="$PPRDIR/../../../../../../../../Desktop/NUS/Y1S1/EE2026/Labs/Real-Time Voice Scope/Real-Time Voice Scope.srcs/sources_1/new/Draw_Menu_Background.v"/>
        <Attr Name="ImportTime" Val="1541244398"/>
        <Attr Name="UsedIn" Val="synthesis"/>
        <Attr Name="UsedIn" Val="implementation"/>
        <Attr Name="UsedIn" Val="simulation"/>
      </FileInfo>
    </File>
    <Config>
      <Option Name="DesignMode" Val="RTL"/>
      <Option Name="TopModule" Val="Voice_Scope_TOP"/>
    </Config>
  </FileSet>
  <FileSet Name="constrs_in" Type="Constrs" RelSrcDir="$PSRCDIR/constrs_1">
    <Filter Type="Constrs"/>
    <File Path="$PSRCDIR/constrs_1/new/constraints.xdc">
      <FileInfo>
        <Attr Name="ImportPath" Val="$PPRDIR/../../../../../../../../Desktop/NUS/Y1S1/EE2026/Labs/Real-Time Voice Scope/Real-Time Voice Scope.srcs/constrs_1/new/constraints.xdc"/>
        <Attr Name="ImportTime" Val="1541233245"/>
        <Attr Name="UsedIn" Val="synthesis"/>
        <Attr Name="UsedIn" Val="implementation"/>
      </FileInfo>
    </File>
    <Config>
      <Option Name="ConstrsType" Val="XDC"/>
    </Config>
  </FileSet>
  <Strategy Version="1" Minor="2">
    <StratHandle Name="Vivado Implementation Defaults" Flow="Vivado Implementation 2018"/>
    <Step Id="init_design"/>
    <Step Id="opt_design"/>
    <Step Id="power_opt_design"/>
    <Step Id="place_design"/>
    <Step Id="post_place_power_opt_design"/>
    <Step Id="phys_opt_design"/>
    <Step Id="route_design"/>
    <Step Id="post_route_phys_opt_design"/>
    <Step Id="write_bitstream"/>
  </Strategy>
</GenRun>
